level	page_num	block_num	par_num	line_num	word_num	left	top	width	height	conf	text
1	1	0	0	0	0	0	0	4760	6388	-1	
2	1	1	0	0	0	4	4073	11	2256	-1	
3	1	1	1	0	0	4	4073	11	2256	-1	
4	1	1	1	1	0	4	4073	11	2256	-1	
5	1	1	1	1	1	4	4073	11	2256	95	 
2	1	2	0	0	0	207	498	2048	698	-1	
3	1	2	1	0	0	207	498	2048	698	-1	
4	1	2	1	1	0	892	498	682	65	-1	
5	1	2	1	1	1	892	499	48	63	85	A
5	1	2	1	1	2	968	501	45	62	95	L
5	1	2	1	1	3	1040	499	48	64	87	A
5	1	2	1	1	4	1114	500	45	62	89	B
5	1	2	1	1	5	1188	499	50	63	81	A
5	1	2	1	1	6	1283	536	37	12	88	—-
5	1	2	1	1	7	1365	498	47	63	87	A
5	1	2	1	1	8	1441	500	43	60	93	L
5	1	2	1	1	9	1512	499	62	62	90	B.
4	1	2	1	2	0	301	672	1951	88	-1	
5	1	2	1	2	1	301	702	26	36	80	z
5	1	2	1	2	2	375	680	205	80	64	głową.
5	1	2	1	2	3	631	676	147	62	65	[Was.
5	1	2	1	2	4	831	675	53	61	87	1.
5	1	2	1	2	5	934	676	202	80	78	Kurop.
5	1	2	1	2	6	1200	675	70	73	85	5,
5	1	2	1	2	7	1319	674	55	60	44	41.
5	1	2	1	2	8	1450	696	26	38	91	z
5	1	2	1	2	9	1538	672	215	63	68	Włoch
5	1	2	1	2	10	1801	672	300	84	81	pochodzi.
5	1	2	1	2	11	2150	674	102	65	81	Ein
4	1	2	1	3	0	296	766	589	76	-1	
5	1	2	1	3	1	296	766	250	76	81	Wappen.
5	1	2	1	3	2	882	798	3	3	88	-
4	1	2	1	4	0	207	850	752	63	-1	
5	1	2	1	4	1	207	850	334	63	81	ALABART
5	1	2	1	4	2	586	873	49	39	78	v.
5	1	2	1	4	3	683	850	276	62	85	Halabart.
4	1	2	1	5	0	208	930	2047	89	-1	
5	1	2	1	5	1	208	936	409	75	81	ALABASTR,
5	1	2	1	5	2	666	959	54	40	92	u.
5	1	2	1	5	3	766	959	75	40	90	m.
5	1	2	1	5	4	889	938	49	81	92	(z
5	1	2	1	5	5	985	936	202	64	89	Greek.
5	1	2	1	5	6	1234	933	408	83	62	dlo'cjó'aazgor,
5	1	2	1	5	7	1710	933	122	64	68	&nb
5	1	2	1	5	8	1900	938	106	57	69	zm”;
5	1	2	1	5	9	2072	930	42	64	73	02
5	1	2	1	5	10	2156	934	99	60	65	mi
4	1	2	1	6	0	294	1020	1961	87	-1	
5	1	2	1	6	1	294	1027	237	79	53	meer»,
5	1	2	1	6	2	577	1026	209	81	81	trudny
5	1	2	1	6	3	833	1025	75	62	90	do
5	1	2	1	6	4	954	1024	349	82	84	utrzymania
5	1	2	1	6	5	1364	1023	90	62	87	dla
5	1	2	1	6	6	1513	1024	284	81	89	ślizkości)
5	1	2	1	6	7	1865	1020	230	64	85	kamień
5	1	2	1	6	8	2157	1022	98	83	90	gi-
4	1	2	1	7	0	296	1109	1956	87	-1	
5	1	2	1	7	1	296	1134	230	62	86	psowy,
5	1	2	1	7	2	573	1113	218	82	77	mający
5	1	2	1	7	3	828	1113	372	82	68	płaszczyzny
5	1	2	1	7	4	1234	1111	246	82	73	ślniące,
5	1	2	1	7	5	1529	1112	200	83	75	dający
5	1	2	1	7	6	1774	1111	86	83	88	się
5	1	2	1	7	7	1907	1109	345	84	82	polerować.
2	1	3	0	0	0	2384	493	1989	701	-1	
3	1	3	1	0	0	2384	493	1989	701	-1	
4	1	3	1	1	0	3031	493	1333	69	-1	
5	1	3	1	1	1	3031	495	52	65	87	A
5	1	3	1	1	2	3109	497	48	63	91	L
5	1	3	1	1	3	3183	496	46	62	93	B
5	1	3	1	1	4	3260	494	48	65	91	0
5	1	3	1	1	5	3355	532	37	14	84	—-
5	1	3	1	1	6	3436	495	51	65	79	A
5	1	3	1	1	7	3513	497	47	65	85	L
5	1	3	1	1	8	3586	495	65	64	89	E.
5	1	3	1	1	9	4292	493	72	67	83	11
4	1	3	1	2	0	2384	668	1986	87	-1	
5	1	3	1	2	1	2384	672	141	82	74	Ztąd
5	1	3	1	2	2	2572	668	296	87	81	Opaliński
5	1	3	1	2	3	2918	693	50	39	89	w
5	1	3	1	2	4	2995	672	246	82	76	wstępie
5	1	3	1	2	5	3288	672	75	61	90	do
5	1	3	1	2	6	3413	681	182	73	82	satyr:
5	1	3	1	2	7	3642	670	330	84	71	Myślałem,
5	1	3	1	2	8	4020	669	151	83	86	coby
5	1	3	1	2	9	4205	671	165	83	80	pisać
4	1	3	1	3	0	2384	757	1987	86	-1	
5	1	3	1	3	1	2384	759	122	84	88	pod
5	1	3	1	3	2	2548	766	59	54	89	te
5	1	3	1	3	3	2653	779	271	64	79	czasy.w
5	1	3	1	3	4	2967	758	275	74	88	Polscze,
5	1	3	1	3	5	3309	779	102	61	88	czy
5	1	3	1	3	6	3458	758	269	75	83	sielanki,
5	1	3	1	3	7	3794	778	102	63	90	czy
5	1	3	1	3	8	3938	757	244	76	87	fraszki,
5	1	3	1	3	9	4230	759	141	82	89	czyli
4	1	3	1	4	0	2388	843	1978	87	-1	
5	1	3	1	4	1	2388	846	418	75	69	sowiźrzałów,
5	1	3	1	4	2	2852	845	397	75	89	Albertusów,
5	1	3	1	4	3	3296	865	103	63	90	czy
5	1	3	1	4	4	3442	844	185	86	89	bajki,
5	1	3	1	4	5	3676	867	101	61	90	czy
5	1	3	1	4	6	3804	844	90	63	87	też
5	1	3	1	4	7	3927	866	224	62	90	oracye.
5	1	3	1	4	8	4203	843	163	84	81	Opal.
4	1	3	1	5	0	2386	931	1984	86	-1	
5	1	3	1	5	1	2386	931	132	75	85	Sat,
5	1	3	1	5	2	2569	933	55	62	94	1.
5	1	3	1	5	3	2668	932	187	85	88	Kiedy
5	1	3	1	5	4	2899	955	35	41	93	o
5	1	3	1	5	5	2981	932	279	63	87	Tatarach
5	1	3	1	5	6	3304	933	207	83	70	slyszy,
5	1	3	1	5	7	3587	953	101	62	90	czy
5	1	3	1	5	8	3745	941	62	54	89	to
5	1	3	1	5	9	3880	933	96	61	90	nie
5	1	3	1	5	10	4030	932	181	84	88	bieży,
5	1	3	1	5	11	4266	933	104	84	88	jak
4	1	3	1	6	0	2386	1017	1987	87	-1	
5	1	3	1	6	1	2386	1019	270	64	88	Albertus
5	1	3	1	6	2	2702	1044	30	39	93	z
5	1	3	1	6	3	2777	1022	234	82	83	wojny?
5	1	3	1	6	4	3056	1021	159	62	82	Bźrk.
5	1	3	1	6	5	3259	1020	106	62	79	Ex.
5	1	3	1	6	6	3413	1017	101	64	91	28.
5	1	3	1	6	7	3577	1020	94	83	87	(cf.
5	1	3	1	6	8	3716	1019	246	83	89	Matyasz
5	1	3	1	6	9	4029	1042	28	39	93	z
5	1	3	1	6	10	4124	1020	249	75	84	Podola;
4	1	3	1	7	0	2389	1106	1337	88	-1	
5	1	3	1	7	1	2389	1106	254	63	71	żołnierz
5	1	3	1	7	2	2688	1107	428	84	84	bożogrobski,
5	1	3	1	7	3	3162	1106	301	88	66	papjezki;
5	1	3	1	7	4	3504	1107	222	83	85	junak.)
2	1	4	0	0	0	294	1191	4076	265	-1	
3	1	4	1	0	0	294	1191	4076	265	-1	
4	1	4	1	1	0	294	1191	3449	91	-1	
5	1	4	1	1	1	294	1201	87	61	75	Kl.
5	1	4	1	1	2	428	1200	133	78	82	Kop.
5	1	4	1	1	3	610	1197	55	76	98	2,
5	1	4	1	1	4	715	1197	96	75	87	79,
5	1	4	1	1	5	858	1201	86	63	80	der
5	1	4	1	1	6	987	1198	283	84	85	Alabaster;
5	1	4	1	1	7	1325	1199	153	61	78	Vźnd.
5	1	4	1	1	8	1526	1199	351	72	88	alabashter;
5	1	4	1	1	9	1922	1196	139	62	87	Boh.
5	1	4	1	1	10	2131	1196	125	60	88	ala—
5	1	4	1	1	11	2299	1191	229	78	87	ALBO,
5	1	4	1	1	12	2573	1193	433	76	86	ALBOWIEM,
5	1	4	1	1	13	3051	1192	242	65	87	ALBOZ
5	1	4	1	1	14	3339	1216	49	39	89	v.
5	1	4	1	1	15	3435	1191	149	66	91	ABO
5	1	4	1	1	16	3634	1202	109	55	92	etc.
4	1	4	1	2	0	295	1280	2780	89	-1	
5	1	4	1	2	1	295	1288	188	72	86	bastr;
5	1	4	1	2	2	530	1285	123	64	83	Sor.
5	1	4	1	2	3	703	1286	54	59	93	1.
5	1	4	1	2	4	804	1285	336	75	87	halabaster;
5	1	4	1	2	5	1187	1285	158	63	82	Ross.
5	1	4	1	2	6	1390	1288	347	81	61	aaaóacrpz.
5	1	4	1	2	7	1785	1282	57	63	93	2.
5	1	4	1	2	8	1870	1284	192	79	76	ellipt.-
5	1	4	1	2	9	2089	1303	166	62	91	przez
5	1	4	1	2	10	2300	1280	338	64	87	ALCBANT
5	1	4	1	2	11	2682	1303	53	41	90	v.
5	1	4	1	2	12	2781	1280	294	63	89	Alszbant.
4	1	4	1	3	0	296	1366	4074	90	-1	
5	1	4	1	3	1	296	1374	337	82	65	wyrzutnią:
5	1	4	1	3	2	663	1371	376	84	88	alabastrowy
5	1	4	1	3	3	1100	1373	152	62	71	słoik
5	1	4	1	3	4	1306	1392	73	41	92	na
5	1	4	1	3	5	1427	1372	298	63	89	chowanie
5	1	4	1	3	6	1773	1370	243	84	81	drogich
5	1	4	1	3	7	2059	1369	196	63	90	maści.
5	1	4	1	3	8	2300	1366	372	78	85	ALCHIMIA,
5	1	4	1	3	9	2735	1370	54	61	86	ii.
5	1	4	1	3	10	2836	1370	38	61	84	f.
5	1	4	1	3	11	2922	1370	50	80	94	(z
5	1	4	1	3	12	3018	1368	238	63	85	Arabsk.
5	1	4	1	3	13	3320	1369	267	82	69	artykułu
5	1	4	1	3	14	3648	1369	86	74	84	al,
5	1	4	1	3	15	3810	1369	19	60	91	i
5	1	4	1	3	16	3873	1388	227	62	89	wyrazu
5	1	4	1	3	17	4161	1371	209	61	53	old-imst-
2	1	5	0	0	0	209	1456	2056	3041	-1	
3	1	5	1	0	0	293	1456	1966	1041	-1	
4	1	5	1	1	0	296	1456	1961	85	-1	
5	1	5	1	1	1	296	1462	177	79	74	Mącz.
5	1	5	1	1	2	522	1461	81	63	82	ein
5	1	5	1	1	3	647	1459	537	81	75	Alabastetbüchslein.
5	1	5	1	1	4	1229	1458	167	61	68	Miala
5	1	5	1	1	5	1443	1457	245	65	88	alabastr
5	1	5	1	1	6	1734	1457	196	83	84	olejku
5	1	5	1	1	7	1991	1457	17	60	94	i
5	1	5	1	1	8	2053	1456	204	82	70	wylała
4	1	5	1	2	0	297	1542	1959	87	-1	
5	1	5	1	2	1	297	1568	73	41	91	na
5	1	5	1	2	2	416	1547	190	81	75	głowę
5	1	5	1	2	3	645	1545	157	83	83	jego.
5	1	5	1	2	4	858	1546	86	62	90	W.
5	1	5	1	2	5	991	1546	136	62	85	Mat.
5	1	5	1	2	6	1174	1543	101	76	92	26,
5	1	5	1	2	7	1324	1543	55	63	88	7.
5	1	5	1	2	8	1428	1544	311	85	90	(szklenicę
5	1	5	1	2	9	1797	1543	212	63	89	wódki.
5	1	5	1	2	10	2053	1542	203	79	80	Budny
4	1	5	1	3	0	295	1628	1960	86	-1	
5	1	5	1	3	1	295	1635	93	79	76	ib.)
5	1	5	1	3	2	435	1631	292	83	68	Stłukłszy
5	1	5	1	3	3	771	1634	268	71	89	alabastr,
5	1	5	1	3	4	1101	1632	200	82	69	wylała
5	1	5	1	3	5	1348	1631	206	82	90	olejek.
5	1	5	1	3	6	1636	1633	99	63	75	W.
5	1	5	1	3	7	1795	1631	175	62	85	Marc.
5	1	5	1	3	8	2040	1628	102	74	70	14,
5	1	5	1	3	9	2197	1628	58	63	87	5.
4	1	5	1	4	0	296	1716	1958	86	-1	
5	1	5	1	4	1	296	1718	349	83	82	przebiwszy
5	1	5	1	4	2	710	1720	260	61	84	alabastr.
5	1	5	1	4	3	1029	1718	181	62	71	Buda.
5	1	5	1	4	4	1257	1719	72	60	71	ib.
5	1	5	1	4	5	1392	1720	212	82	59	(Stojek
5	1	5	1	4	6	1666	1719	393	80	90	alabastrowy,
5	1	5	1	4	7	2107	1716	147	62	75	Bibl.
4	1	5	1	5	0	297	1804	1959	82	-1	
5	1	5	1	5	1	297	1805	96	62	87	Gd.
5	1	5	1	5	2	441	1807	109	79	72	ib).
5	1	5	1	5	3	599	1804	56	62	91	5.
5	1	5	1	5	4	701	1808	118	78	75	Fig.
5	1	5	1	5	5	866	1807	223	60	70	białość
5	1	5	1	5	6	1133	1805	397	75	88	alabastrowa,
5	1	5	1	5	7	1588	1805	331	74	87	śnieżność,
5	1	5	1	5	8	1981	1805	275	65	88	blendende
4	1	5	1	6	0	293	1890	1962	88	-1	
5	1	5	1	6	1	293	1893	191	78	70	Weiße.
5	1	5	1	6	2	534	1891	203	63	90	Gdzież
5	1	5	1	6	3	785	1898	91	57	91	ów
5	1	5	1	6	4	915	1893	243	61	89	alabastr
5	1	5	1	6	5	1203	1893	204	62	74	czoła?
5	1	5	1	6	6	1454	1895	165	81	89	gdzie
5	1	5	1	6	7	1659	1894	181	84	88	jagód
5	1	5	1	6	8	1885	1891	189	77	62	róże?
5	1	5	1	6	9	2108	1890	147	63	85	Mon.
4	1	5	1	7	0	297	1977	1959	78	-1	
5	1	5	1	7	1	297	1977	98	76	87	70,
5	1	5	1	7	2	443	1977	142	63	88	585.
5	1	5	1	7	3	630	1978	595	77	84	ALABASTBOWY,
5	1	5	1	7	4	1270	2001	47	53	91	a,
5	1	5	1	7	5	1367	2001	84	41	67	e.:
5	1	5	1	7	6	1496	2004	29	37	90	z
5	1	5	1	7	7	1555	1982	311	72	85	alabastru,
5	1	5	1	7	8	1911	1979	98	62	91	lub
5	1	5	1	7	9	2058	1978	198	62	90	alaba-
4	1	5	1	8	0	294	2066	1962	86	-1	
5	1	5	1	8	1	294	2076	122	53	89	stru
5	1	5	1	8	2	462	2068	84	81	89	się
5	1	5	1	8	3	592	2077	245	73	76	tyczący,
5	1	5	1	8	4	883	2068	297	80	80	Alabaster-
5	1	5	1	8	5	1202	2117	13	22	94	,
5	1	5	1	8	6	1254	2085	102	47	79	von
5	1	5	1	8	7	1401	2069	298	83	75	Alabaster;
5	1	5	1	8	8	1745	2068	141	63	88	Boh.
5	1	5	1	8	9	1933	2066	323	63	88	alabastro-
4	1	5	1	9	0	297	2153	1959	84	-1	
5	1	5	1	9	1	297	2176	117	60	73	wy,
5	1	5	1	9	2	486	2153	158	63	83	Ross.
5	1	5	1	9	3	690	2155	470	82	70	aaaóacrpoeuił.
5	1	5	1	9	4	1234	2154	200	83	76	Slojek
5	1	5	1	9	5	1500	2156	391	81	89	alabastrowy.
5	1	5	1	9	6	1960	2153	56	63	91	1.
5	1	5	1	9	7	2090	2154	166	77	86	Leap.
4	1	5	1	10	0	297	2237	1961	85	-1	
5	1	5	1	10	1	297	2241	141	62	82	Mar.
5	1	5	1	10	2	490	2240	107	74	73	14,
5	1	5	1	10	3	645	2240	57	62	87	5.
5	1	5	1	10	4	749	2241	388	63	89	Alabastrowa
5	1	5	1	10	5	1207	2242	311	62	89	banieczka
5	1	5	1	10	6	1593	2241	54	63	92	1.
5	1	5	1	10	7	1707	2243	167	79	82	Leap.
5	1	5	1	10	8	1947	2240	143	61	83	Mar.
5	1	5	1	10	9	2157	2237	101	76	93	26,
4	1	5	1	11	0	297	2325	1962	85	-1	
5	1	5	1	11	1	297	2327	55	75	89	7,
5	1	5	1	11	2	425	2325	58	64	93	2.
5	1	5	1	11	3	530	2328	116	81	78	Fig.
5	1	5	1	11	4	691	2328	169	82	74	biały,
5	1	5	1	11	5	905	2328	252	82	84	śnieżny,
5	1	5	1	11	6	1203	2329	247	64	85	blendend
5	1	5	1	11	7	1498	2330	148	77	57	ivett.
5	1	5	1	11	8	1675	2327	237	63	70	Gładka
5	1	5	1	11	9	1947	2327	152	82	83	szyja
5	1	5	1	11	10	2132	2327	127	61	91	ala-
4	1	5	1	12	0	294	2413	1965	84	-1	
5	1	5	1	12	1	294	2415	300	61	89	bastrowa.
5	1	5	1	12	2	639	2416	193	78	79	Przyb.
5	1	5	1	12	3	906	2416	132	60	79	Luz.
5	1	5	1	12	4	1112	2413	102	63	74	45.
5	1	5	1	12	5	1275	2415	168	80	85	(Eccl.
5	1	5	1	12	6	1490	2416	596	81	60	aaaóacrpoenaablii,
5	1	5	1	12	7	2133	2414	126	61	88	ala-
3	1	5	2	0	0	238	2498	2021	347	-1	
4	1	5	2	1	0	238	2498	2021	85	-1	
5	1	5	2	1	1	238	2501	553	82	11	__,bastroksztaltny,
5	1	5	2	1	2	838	2522	74	41	91	na
5	1	5	2	1	3	957	2501	185	63	66	kszait
5	1	5	2	1	4	1186	2501	316	75	85	alabastru,
5	1	5	2	1	5	1544	2500	91	64	95	Gr.
5	1	5	2	1	6	1669	2498	590	84	46	oilań'owzgoezdńgr
4	1	5	2	2	0	292	2584	1966	86	-1	
5	1	5	2	2	1	292	2585	698	84	33	"aaaóacrponaaraaume,
5	1	5	2	2	2	1063	2586	93	63	90	Gr.
5	1	5	2	2	3	1204	2584	536	86	52	Mach-oweij
5	1	5	2	2	4	1808	2588	332	63	89	schowanie
5	1	5	2	2	5	2187	2609	71	40	84	na
4	1	5	2	3	0	300	2673	1958	85	-1	
5	1	5	2	3	1	300	2673	278	84	78	alabastry
5	1	5	2	3	2	651	2674	98	62	89	lub
5	1	5	2	3	3	837	2674	372	63	86	alabastrowe
5	1	5	2	3	4	1301	2675	171	62	70	słoiki
5	1	5	2	3	5	1483	2700	15	49	89	;
5	1	5	2	3	6	1528	2712	85	10	83	—--
5	1	5	2	3	7	1661	2676	597	82	71	aaaóacrpouocen'b,
4	1	5	2	4	0	296	2757	1599	88	-1	
5	1	5	2	4	1	296	2758	91	64	90	Gr.
5	1	5	2	4	2	435	2757	572	84	60	oilaó'aazgorpógog,
5	1	5	2	4	3	1054	2782	250	63	77	noszący
5	1	5	2	4	4	1351	2763	282	81	89	alabastr).
5	1	5	2	4	5	1675	2803	5	6	93	-
5	1	5	2	4	6	1890	2767	5	4	83	·
3	1	5	3	0	0	209	2845	2053	434	-1	
4	1	5	3	1	0	209	2845	2050	89	-1	
5	1	5	3	1	1	209	2845	365	77	90	ALAKANT,
5	1	5	3	1	2	619	2847	318	76	89	ALKANT,
5	1	5	3	1	3	1014	2872	53	39	91	u.
5	1	5	3	1	4	1114	2870	73	41	92	m.
5	1	5	3	1	5	1247	2850	152	70	91	wino
5	1	5	3	1	6	1473	2849	377	85	86	Hiszpańskie
5	1	5	3	1	7	1910	2849	349	75	83	Alkońskie,
4	1	5	3	2	0	297	2936	1964	84	-1	
5	1	5	3	2	1	297	2955	333	56	86	czerwone,
5	1	5	3	2	2	678	2937	216	82	71	majace
5	1	5	3	2	3	942	2937	162	62	88	smak
5	1	5	3	2	4	1151	2937	276	83	85	dwojaki,
5	1	5	3	2	5	1479	2938	193	62	68	słodki
5	1	5	3	2	6	1739	2939	16	59	93	i
5	1	5	3	2	7	1804	2936	237	84	86	cierpki.
5	1	5	3	2	8	2086	2936	175	80	82	Krup.
4	1	5	3	3	0	298	3021	1962	86	-1	
5	1	5	3	3	1	298	3021	57	75	88	5,
5	1	5	3	3	2	406	3021	141	64	93	105.
5	1	5	3	3	3	594	3024	49	81	78	(z
5	1	5	3	3	4	688	3045	198	62	88	wyspy
5	1	5	3	3	5	929	3023	199	83	81	Krety;
5	1	5	3	3	6	1188	3024	165	81	75	którą
5	1	5	3	3	7	1425	3023	237	84	70	Kandyą
5	1	5	3	3	8	1729	3025	195	82	69	zowią.
5	1	5	3	3	9	2002	3023	95	63	82	Cn.
5	1	5	3	3	10	2164	3024	96	61	85	Th.
4	1	5	3	4	0	297	3108	1964	88	-1	
5	1	5	3	4	1	297	3108	58	63	85	6.
5	1	5	3	4	2	370	3111	46	79	85	?)
5	1	5	3	4	3	463	3111	436	81	81	Alicantenwein;
5	1	5	3	4	4	944	3110	173	61	89	Wina
5	1	5	3	4	5	1146	3111	351	73	87	zamorskie,
5	1	5	3	4	6	1542	3109	719	87	84	Francuzkie,_Hiszpań—
4	1	5	3	5	0	298	3194	1964	85	-1	
5	1	5	3	5	1	298	3196	154	73	88	skie,
5	1	5	3	5	2	501	3197	274	82	90	alakanty.
5	1	5	3	5	3	815	3197	109	62	72	Vol.
5	1	5	3	5	4	949	3198	129	79	84	Leg.
5	1	5	3	5	5	1126	3194	56	76	90	2,
5	1	5	3	5	6	1217	3194	185	66	87	1255.
5	1	5	3	5	7	1434	3197	146	62	85	Kufa
5	1	5	3	5	8	1611	3197	297	74	89	alakantu,
5	1	5	3	5	9	1956	3200	72	60	78	ib.
5	1	5	3	5	10	2071	3197	57	73	89	5,
5	1	5	3	5	11	2160	3196	102	63	87	57.
3	1	5	4	0	0	215	3281	764	75	-1	
4	1	5	4	1	0	215	3281	764	75	-1	
5	1	5	4	1	1	215	3281	344	75	89	ALAMBlK,
5	1	5	4	1	2	605	3305	51	39	84	v.
5	1	5	4	1	3	703	3282	276	62	88	Alembik.
3	1	5	5	0	0	213	3367	2052	588	-1	
4	1	5	5	1	0	213	3367	2051	85	-1	
5	1	5	5	1	1	213	3367	398	76	66	'ALAMODA,
5	1	5	5	1	2	683	3392	53	60	82	y.
5	1	5	5	1	3	809	3372	36	59	88	f.
5	1	5	5	1	4	892	3393	28	38	91	z
5	1	5	5	1	5	964	3372	164	62	66	Frem.
5	1	5	5	1	6	1204	3373	312	72	86	modność,
5	1	5	5	1	7	1593	3379	236	55	86	nowość
5	1	5	5	1	8	1901	3394	53	39	88	w
5	1	5	5	1	9	2004	3372	260	74	83	ubiorze,
4	1	5	5	2	0	298	3457	1967	81	-1	
5	1	5	5	2	1	298	3472	129	50	81	neue
5	1	5	5	2	2	481	3457	192	72	86	Mode,
5	1	5	5	2	3	749	3457	338	81	79	Modetracht.
5	1	5	5	2	4	1133	3458	134	62	83	Nasi
5	1	5	5	2	5	1331	3460	110	60	91	owi
5	1	5	5	2	6	1489	3477	52	40	90	w
5	1	5	5	2	7	1586	3459	385	62	87	niemieckich
5	1	5	5	2	8	2039	3459	226	61	89	alamo-
4	1	5	5	3	0	300	3543	1964	85	-1	
5	1	5	5	3	1	300	3544	148	60	89	daeh
5	1	5	5	3	2	495	3544	240	82	83	dragoni
5	1	5	5	3	3	782	3545	289	61	89	dworowi.
5	1	5	5	3	4	1168	3546	174	60	85	Twrd.
5	1	5	5	3	5	1421	3545	86	63	91	W.
5	1	5	5	3	6	1554	3545	67	62	89	D.
5	1	5	5	3	7	1671	3543	56	63	89	8.
5	1	5	5	3	8	1774	3545	234	83	70	Nastały
5	1	5	5	3	9	2069	3546	195	82	85	dzisiaj
4	1	5	5	4	0	299	3630	1965	84	-1	
5	1	5	5	4	1	299	3630	220	61	86	dziwne
5	1	5	5	4	2	565	3652	54	38	90	w
5	1	5	5	4	3	664	3631	251	82	78	strojach
5	1	5	5	4	4	961	3633	257	81	89	maniery
5	1	5	5	4	5	1264	3655	27	37	91	z
5	1	5	5	4	6	1340	3632	500	62	85	cudzoziemskich
5	1	5	5	4	7	1901	3632	243	62	88	alamod.
5	1	5	5	4	8	2190	3633	74	61	77	źb.
4	1	5	5	5	0	300	3714	1963	89	-1	
5	1	5	5	5	1	300	3714	55	62	89	2.
5	1	5	5	5	2	409	3715	138	64	87	151.
5	1	5	5	5	3	598	3715	443	78	91	ALAMODZKl,
5	1	5	5	5	4	1089	3741	59	52	90	a,
5	1	5	5	5	5	1196	3720	81	73	92	ie,
5	1	5	5	5	6	1325	3720	234	83	87	modny,
5	1	5	5	5	7	1606	3720	412	82	88	nowomodny,
5	1	5	5	5	8	2064	3728	199	74	78	tyczą-
4	1	5	5	6	0	299	3805	1963	84	-1	
5	1	5	5	6	1	299	3825	69	59	80	cy
5	1	5	5	6	2	429	3805	84	82	93	się
5	1	5	5	6	3	578	3806	182	80	83	stroju
5	1	5	5	6	4	827	3826	281	63	85	nowego,
5	1	5	5	6	5	1176	3807	237	79	83	modisch,
5	1	5	5	6	6	1474	3808	330	76	80	nenmodisch.
5	1	5	5	6	7	1885	3806	377	72	86	Alamodzka,
4	1	5	5	7	0	299	3891	1021	64	-1	
5	1	5	5	7	1	299	3892	419	60	87	nowoświecka
5	1	5	5	7	2	750	3892	240	62	85	suknia.
5	1	5	5	7	3	1043	3894	128	60	76	Era.
5	1	5	5	7	4	1220	3891	100	64	87	57.
3	1	5	6	0	0	218	3977	2044	88	-1	
4	1	5	6	1	0	218	3977	2044	88	-1	
5	1	5	6	1	1	218	3977	366	75	80	ALATEBN,
5	1	5	6	1	2	632	4001	53	39	91	u.
5	1	5	6	1	3	732	4001	74	38	91	m.
5	1	5	6	1	4	855	3980	293	74	84	drzewko,
5	1	5	6	1	5	1203	3981	99	81	87	jak
5	1	5	6	1	6	1355	3982	60	81	86	je
5	1	5	6	1	7	1479	3981	204	83	85	drugie
5	1	5	6	1	8	1745	3981	191	84	89	języki
5	1	5	6	1	9	1996	4003	27	38	86	z
5	1	5	6	1	10	2068	3981	194	62	63	łaciń-
3	1	5	7	0	0	260	4064	1828	84	-1	
4	1	5	7	1	0	260	4064	1828	84	-1	
5	1	5	7	1	1	260	4086	3	3	79	«
5	1	5	7	1	2	297	4066	202	82	82	skiego
5	1	5	7	1	3	549	4067	203	80	78	zowią.
5	1	5	7	1	4	793	4064	93	64	77	Cn.
5	1	5	7	1	5	935	4065	57	63	87	5.
5	1	5	7	1	6	1042	4068	284	60	83	alaternus
5	1	5	7	1	7	1371	4069	146	61	78	Plźn.
5	1	5	7	1	8	1563	4071	88	62	75	der
5	1	5	7	1	9	1694	4069	394	65	79	Alaternbamn.
3	1	5	8	0	0	213	4151	2052	346	-1	
4	1	5	8	1	0	213	4151	2048	88	-1	
5	1	5	8	1	1	213	4152	208	73	88	ALBA,
5	1	5	8	1	2	445	4175	51	59	92	y.
5	1	5	8	1	3	531	4154	36	59	87	f.
5	1	5	8	1	4	597	4152	243	62	87	Koszula
5	1	5	8	1	5	869	4154	176	81	71	długa
5	1	5	8	1	6	1063	4153	165	73	66	biała,
5	1	5	8	1	7	1259	4154	165	82	73	którą
5	1	5	8	1	8	1437	4153	178	85	72	Xięża
5	1	5	8	1	9	1633	4151	282	86	78	katolićcy
5	1	5	8	1	10	1930	4153	331	86	87	podwdzie-
4	1	5	8	2	0	296	4239	1969	84	-1	
5	1	5	8	2	1	296	4240	143	81	71	wan
5	1	5	8	2	2	483	4240	117	81	86	pod
5	1	5	8	2	3	645	4249	168	52	86	ornat
5	1	5	8	2	4	843	4239	96	83	88	(cf.
5	1	5	8	2	5	970	4240	255	82	87	Komża),
5	1	5	8	2	6	1272	4243	78	63	86	die
5	1	5	8	2	7	1379	4243	157	71	81	Albe,
5	1	5	8	2	8	1567	4242	82	65	82	ein
5	1	5	8	2	9	1677	4244	185	78	79	langes
5	1	5	8	2	10	1891	4244	192	79	76	Hemde
5	1	5	8	2	11	2111	4247	154	62	81	unter
4	1	5	8	3	0	298	4327	1966	84	-1	
5	1	5	8	3	1	298	4332	112	58	85	dem
5	1	5	8	3	2	464	4328	394	79	75	Priesterornat.
5	1	5	8	3	3	928	4327	514	84	78	Katoliccy'Xięża
5	1	5	8	3	4	1485	4328	128	82	86	alby
5	1	5	8	3	5	1680	4349	177	61	73	noszą
5	1	5	8	3	6	1904	4350	69	41	84	na
5	1	5	8	3	7	2022	4331	242	80	87	miejsce
4	1	5	8	4	0	303	4413	1960	84	-1	
5	1	5	8	4	1	303	4415	194	58	78	elbdu.
5	1	5	8	4	2	580	4414	113	60	85	Pot.
5	1	5	8	4	3	742	4414	154	61	81	Pecz.
5	1	5	8	4	4	948	4413	140	62	74	148.
5	1	5	8	4	5	1134	4414	244	83	71	Kapłani
5	1	5	8	4	6	1422	4438	54	37	92	w
5	1	5	8	4	7	1512	4416	215	61	89	albach.
5	1	5	8	4	8	1772	4416	118	62	82	Pat.
5	1	5	8	4	9	1935	4416	135	80	82	Arg.
5	1	5	8	4	10	2118	4414	145	65	90	280.
2	1	6	0	0	0	212	4498	2049	172	-1	
3	1	6	1	0	0	212	4498	2049	172	-1	
4	1	6	1	1	0	299	4498	1962	88	-1	
5	1	6	1	1	1	299	4498	144	80	83	Alby
5	1	6	1	1	2	491	4500	318	82	84	papiezkićj
5	1	6	1	1	3	869	4521	72	40	89	na
5	1	6	1	1	4	988	4501	180	60	90	siebie
5	1	6	1	1	5	1214	4501	220	82	69	włożyć
5	1	6	1	1	6	1480	4502	96	59	84	nie
5	1	6	1	1	7	1623	4502	112	60	73	dał.
5	1	6	1	1	8	1782	4500	93	86	63	Sir.
5	1	6	1	1	9	1927	4503	96	59	66	Dz.
5	1	6	1	1	10	2077	4501	184	62	88	1075.
4	1	6	1	2	0	212	4583	2048	87	-1	
5	1	6	1	2	1	212	4584	316	73	79	ALBERT,
5	1	6	1	2	2	630	4583	409	75	85	OLBRACHT,
5	1	6	1	2	3	1095	4608	87	38	83	.a.
5	1	6	1	2	4	1257	4608	73	39	90	m.
5	1	6	1	2	5	1393	4588	135	81	84	imię
5	1	6	1	2	6	1599	4587	254	83	89	męzkie,
5	1	6	1	2	7	1939	4586	321	83	89	Wojciech.
2	1	7	0	0	0	298	4670	1965	950	-1	
3	1	7	1	0	0	298	4670	1965	950	-1	
4	1	7	1	1	0	298	4670	1965	86	-1	
5	1	7	1	1	1	298	4672	246	74	63	Albrecht
5	1	7	1	1	2	609	4670	413	75	84	ALBEBTUN,
5	1	7	1	1	3	1085	4673	91	60	89	nia
5	1	7	1	1	4	1244	4695	74	39	90	m.
5	1	7	1	1	5	1366	4674	136	60	85	dem.
5	1	7	1	1	6	1575	4673	359	80	77	Albrechtchen.
5	1	7	1	1	7	1999	4673	264	83	68	Słyszysz
4	1	7	1	2	0	301	4755	1960	86	-1	
5	1	7	1	2	1	301	4757	364	61	86	Albertuniu!
5	1	7	1	2	2	719	4759	126	62	83	Tea.
5	1	7	1	2	3	893	4755	100	76	70	48,
5	1	7	1	2	4	1041	4759	46	61	88	b.
5	1	7	1	2	5	1135	4756	195	63	84	52.—-——
5	1	7	1	2	6	1358	4758	379	64	80	ALBERTUS
5	1	7	1	2	7	1783	4759	273	82	82	używane
5	1	7	1	2	8	2102	4782	159	59	92	zwy-
4	1	7	1	3	0	301	4844	1960	85	-1	
5	1	7	1	3	1	301	4844	214	79	79	czajnie
5	1	7	1	3	2	564	4865	163	60	85	przez
5	1	7	1	3	3	776	4845	349	80	87	szyderstwo
5	1	7	1	3	4	1200	4868	27	37	94	z
5	1	7	1	3	5	1283	4846	370	82	65	ui'ąganiemz
5	1	7	1	3	6	1724	4847	232	82	68	lli-aga],
5	1	7	1	3	7	2028	4845	233	83	70	Grądal,
4	1	7	1	4	0	305	4929	1953	86	-1	
5	1	7	1	4	1	305	4930	410	81	86	niezgrabiarz,
5	1	7	1	4	2	790	4930	224	74	82	tchórz,
5	1	7	1	4	3	1094	4929	252	64	69	żołnierz
5	1	7	1	4	4	1422	4932	316	83	88	bojaźliwy.
5	1	7	1	4	5	1808	4934	94	76	75	(of.
5	1	7	1	4	6	1974	4933	284	81	85	Wojtasz,
4	1	7	1	5	0	301	5015	1957	84	-1	
5	1	7	1	5	1	301	5016	276	80	74	Wojtyle)
5	1	7	1	5	2	647	5017	79	63	83	ein
5	1	7	1	5	3	771	5015	207	80	84	Tölpel,
5	1	7	1	5	4	1042	5019	371	78	80	ungeschickter,
5	1	7	1	5	5	1472	5016	259	80	80	hölzerner
5	1	7	1	5	6	1788	5021	184	78	61	speter,
5	1	7	1	5	7	2020	5020	238	77	83	Gimpel,
4	1	7	1	6	0	301	5102	1958	82	-1	
5	1	7	1	6	1	301	5103	81	62	84	ein
5	1	7	1	6	2	428	5102	254	78	66	5poltwm
5	1	7	1	6	3	731	5104	80	62	84	ein
5	1	7	1	6	4	851	5104	320	77	76	furchtsamer
5	1	7	1	6	5	1222	5106	148	78	76	Hase.
5	1	7	1	6	6	1474	5105	159	60	87	Dwie
5	1	7	1	6	7	1695	5105	203	61	73	fraszki
5	1	7	1	6	8	1960	5107	299	60	87	wierszem
4	1	7	1	7	0	301	5186	1959	88	-1	
5	1	7	1	7	1	301	5186	353	70	83	drukowane
5	1	7	1	7	2	699	5190	402	81	68	wprowadziły
5	1	7	1	7	3	1159	5212	53	38	87	w
5	1	7	1	7	4	1256	5191	224	82	71	takową
5	1	7	1	7	5	1523	5192	271	82	87	wziętość
5	1	7	1	7	6	1854	5192	133	82	90	imię
5	1	7	1	7	7	2050	5200	55	53	90	to
5	1	7	1	7	8	2153	5191	107	63	81	Al—
4	1	7	1	8	0	305	5273	1954	87	-1	
5	1	7	1	8	1	305	5273	239	62	86	bertus.-
5	1	7	1	8	2	608	5273	185	63	87	Jedna
5	1	7	1	8	3	836	5278	119	80	90	pod
5	1	7	1	8	4	1000	5278	266	80	65	tytułem:
5	1	7	1	8	5	1335	5276	306	84	88	Wyprawa
5	1	7	1	8	6	1687	5278	316	82	87	plebańska
5	1	7	1	8	7	2047	5277	212	62	85	Alber—-
4	1	7	1	9	0	303	5361	1959	85	-1	
5	1	7	1	9	1	303	5368	128	53	80	tusa
5	1	7	1	9	2	457	5378	74	44	89	na
5	1	7	1	9	3	561	5361	220	82	89	wojnę;
5	1	7	1	9	4	827	5361	213	84	86	druga:
5	1	7	1	9	5	1099	5361	270	64	90	Albertus
5	1	7	1	9	6	1414	5385	30	39	92	z
5	1	7	1	9	7	1483	5365	194	81	87	wojny
5	1	7	1	9	8	1722	5365	71	80	92	(w
5	1	7	1	9	9	1838	5363	168	63	89	Krak.
5	1	7	1	9	10	2038	5362	224	82	88	.1596.)
4	1	7	1	10	0	312	5443	1949	92	-1	
5	1	7	1	10	1	312	5443	77	83	69	Są
5	1	7	1	10	2	438	5447	407	82	84	szyderstwem
5	1	7	1	10	3	891	5470	30	39	90	z
5	1	7	1	10	4	965	5448	244	83	88	plebana
5	1	7	1	10	5	1255	5448	289	84	76	skąpego,
5	1	7	1	10	6	1609	5451	494	83	77	wyprawującego
5	1	7	1	10	7	2149	5472	112	63	85	pa—
4	1	7	1	11	0	311	5531	1950	89	-1	
5	1	7	1	11	1	311	5531	177	62	84	robka
5	1	7	1	11	2	554	5554	73	41	88	na
5	1	7	1	11	3	671	5535	222	82	87	wojnę;
5	1	7	1	11	4	955	5533	220	65	88	tudzież
5	1	7	1	11	5	1229	5536	321	82	86	junakieryi
5	1	7	1	11	6	1610	5545	136	74	82	tego
5	1	7	1	11	7	1806	5556	77	64	88	po
5	1	7	1	11	8	1950	5539	311	81	87	powrocie.
2	1	8	0	0	0	2307	1455	2076	4165	-1	
3	1	8	1	0	0	2349	1455	2025	1285	-1	
4	1	8	1	1	0	2391	1455	1981	84	-1	
5	1	8	1	1	1	2391	1457	140	82	90	czyli
5	1	8	1	1	2	2578	1458	255	72	76	chemia,
5	1	8	1	1	3	2894	1457	245	82	86	którego
5	1	8	1	1	4	3213	1456	387	63	71	źrzódłosłów
5	1	8	1	1	5	3669	1455	215	62	90	trudno
5	1	8	1	1	6	3952	1477	30	39	95	z
5	1	8	1	1	7	4027	1455	345	84	67	pewnością
4	1	8	1	2	0	2388	1541	1982	85	-1	
5	1	8	1	2	1	2388	1543	436	83	88	wyprowadzić)
5	1	8	1	2	2	2872	1542	200	62	86	sztuka
5	1	8	1	2	3	3117	1544	331	60	89	mniemana
5	1	8	1	2	4	3493	1541	264	63	88	robienia
5	1	8	1	2	5	3785	1543	184	74	72	złota,
5	1	8	1	2	6	4014	1543	156	62	68	złoto
5	1	8	1	2	7	4184	1551	186	54	87	twor-
4	1	8	1	3	0	2389	1628	1981	85	-1	
5	1	8	1	3	1	2389	1639	177	66	91	stwo,
5	1	8	1	3	2	2613	1631	79	65	90	die
5	1	8	1	3	3	2722	1630	271	80	86	Alchemie,
5	1	8	1	3	4	3026	1630	429	83	78	Goldmacherey,
5	1	8	1	3	5	3501	1628	143	82	86	Rag.
5	1	8	1	3	6	3682	1629	421	63	85	zlatotvorstwo
5	1	8	1	3	7	4121	1653	16	52	89	;
5	1	8	1	3	8	4186	1629	184	64	81	Croat.
4	1	8	1	4	0	2390	1716	1980	75	-1	
5	1	8	1	4	1	2390	1718	478	73	84	zlatotvornoszt;
5	1	8	1	4	2	2951	1718	158	61	77	Vind.
5	1	8	1	4	3	3184	1716	563	63	88	slatodelauzhnia.-
5	1	8	1	4	4	3777	1716	326	62	90	Mniemana
5	1	8	1	4	5	4173	1717	197	62	89	umie-
4	1	8	1	5	0	2366	1803	2004	85	-1	
5	1	8	1	5	1	2366	1805	251	83	37	'jętność
5	1	8	1	5	2	2663	1803	393	70	84	odmieniania
5	1	8	1	5	3	3101	1805	307	61	88	kruszców
5	1	8	1	5	4	3449	1804	263	83	89	jednego
5	1	8	1	5	5	3777	1825	61	39	87	w
5	1	8	1	5	6	3878	1803	201	84	86	drugi,
5	1	8	1	5	7	4142	1804	228	63	85	osobli-
4	1	8	1	6	0	2389	1888	1985	85	-1	
5	1	8	1	6	1	2389	1892	111	61	90	wie
5	1	8	1	6	2	2546	1897	95	56	88	zaś
5	1	8	1	6	3	2685	1911	55	40	91	w
5	1	8	1	6	4	2784	1891	175	63	67	złoto.
5	1	8	1	6	5	3004	1892	89	62	87	Kl.
5	1	8	1	6	6	3141	1892	137	78	78	Kup.
5	1	8	1	6	7	3329	1891	55	74	92	1,
5	1	8	1	6	8	3432	1888	102	66	90	58.
5	1	8	1	6	9	3579	1891	164	62	81	Kras.
5	1	8	1	6	10	3808	1891	96	63	88	Zb.
5	1	8	1	6	11	3974	1891	94	82	85	(cf.
5	1	8	1	6	12	4132	1890	242	76	86	Chimia,
4	1	8	1	7	0	2390	1975	1982	87	-1	
5	1	8	1	7	1	2390	1978	232	64	85	kamień
5	1	8	1	7	2	2704	1977	399	85	79	filozoficzny).
5	1	8	1	7	3	3176	1976	378	76	84	ALCHIMIK,
5	1	8	1	7	4	3637	1999	48	40	90	a.
5	1	8	1	7	5	3760	2000	74	40	91	m.
5	1	8	1	7	6	3903	1975	469	79	86	ALCHIMISTA.,
4	1	8	1	8	0	2387	2065	1987	84	-1	
5	1	8	1	8	1	2387	2088	55	61	90	y.
5	1	8	1	8	2	2472	2089	75	40	92	m.
5	1	8	1	8	3	2596	2067	405	74	70	zlototwórca,
5	1	8	1	8	4	3051	2066	278	62	72	czlowiek
5	1	8	1	8	5	3374	2065	303	82	71	trudniący
5	1	8	1	8	6	3723	2065	87	84	91	się
5	1	8	1	8	7	3855	2066	519	83	89	przeistaczaniem
4	1	8	1	9	0	2391	2150	1982	85	-1	
5	1	8	1	9	1	2391	2155	334	74	88	kruszców,
5	1	8	1	9	2	2788	2155	87	64	84	der
5	1	8	1	9	3	2935	2154	289	81	62	anemia,
5	1	8	1	9	4	3287	2153	356	80	80	Goldmacher.
5	1	8	1	9	5	3714	2150	184	65	83	Croat.
5	1	8	1	9	6	3959	2153	414	75	72	zlatotvorćcz;
4	1	8	1	10	0	2393	2237	1978	85	-1	
5	1	8	1	10	1	2393	2241	141	80	83	Rag.
5	1	8	1	10	2	2581	2241	378	79	84	zlatotvoraz;
5	1	8	1	10	3	3001	2240	150	63	87	Eccl.
5	1	8	1	10	4	3199	2258	448	64	63	staroreopem.
5	1	8	1	10	5	3692	2237	179	83	83	(Gree.
5	1	8	1	10	6	3917	2237	454	85	51	mamona)-
4	1	8	1	11	0	2394	2326	1979	84	-1	
5	1	8	1	11	1	2394	2327	372	72	87	Franciszek,
5	1	8	1	11	2	2812	2327	302	83	88	przedtym
5	1	8	1	11	3	3159	2327	290	82	87	pieniacz,
5	1	8	1	11	4	3495	2335	155	53	87	teraz
5	1	8	1	11	5	3698	2326	350	76	88	alchimista,
5	1	8	1	11	6	4105	2327	268	62	87	Dmucha
4	1	8	1	12	0	2395	2413	1972	85	-1	
5	1	8	1	12	1	2395	2435	167	41	93	coraz
5	1	8	1	12	2	2608	2434	74	42	92	na
5	1	8	1	12	3	2727	2413	219	85	88	węgle,
5	1	8	1	12	4	2993	2435	139	62	86	przy
5	1	8	1	12	5	3176	2414	250	82	90	piecyku
5	1	8	1	12	6	3457	2414	210	74	90	siedzi,
5	1	8	1	12	7	3715	2414	321	83	87	Zagęszcza
5	1	8	1	12	8	4082	2414	285	62	90	irozwil—
4	1	8	1	13	0	2397	2500	1977	85	-1	
5	1	8	1	13	1	2397	2501	90	75	91	ża,
5	1	8	1	13	2	2563	2501	342	84	90	przerzadza
5	1	8	1	13	3	2980	2503	18	59	93	i
5	1	8	1	13	4	3044	2500	191	76	90	cedzi;
5	1	8	1	13	5	3307	2501	189	62	84	Pel'ne
5	1	8	1	13	6	3567	2500	309	83	88	proszków
5	1	8	1	13	7	3960	2500	414	84	90	chemicznych
4	1	8	1	14	0	2396	2587	1976	85	-1	
5	1	8	1	14	1	2396	2589	157	83	85	szafy
5	1	8	1	14	2	2599	2590	16	59	91	i
5	1	8	1	14	3	2663	2588	223	75	90	stoliki,
5	1	8	1	14	4	2932	2587	310	84	85	Wszędzie
5	1	8	1	14	5	3288	2596	167	73	82	torty,
5	1	8	1	14	6	3516	2596	235	73	86	rctorty,
5	1	8	1	14	7	3818	2588	201	72	87	banie,
5	1	8	1	14	8	4085	2588	287	63	89	alembiki.
4	1	8	1	15	0	2349	2672	1156	68	-1	
5	1	8	1	15	1	2349	2737	3	3	85	.
5	1	8	1	15	2	2394	2675	167	64	86	Kras.
5	1	8	1	15	3	2606	2672	122	66	85	Sat.
5	1	8	1	15	4	2776	2672	101	65	89	26.
5	1	8	1	15	5	3501	2719	4	3	93	-
3	1	8	2	0	0	2307	2760	2076	2860	-1	
4	1	8	2	1	0	2307	2760	2067	86	-1	
5	1	8	2	1	1	2307	2760	160	66	91	ALE.
5	1	8	2	1	2	2513	2761	38	65	89	I.
5	1	8	2	1	3	2603	2761	155	82	79	Gonj.
5	1	8	2	1	4	2805	2763	155	75	89	lecz,
5	1	8	2	1	5	3006	2762	109	75	90	bo,
5	1	8	2	1	6	3163	2760	331	86	86	ponieważ,
5	1	8	2	1	7	3558	2763	165	74	78	aber,
5	1	8	2	1	8	3793	2764	186	73	87	allein,
5	1	8	2	1	9	4040	2765	148	65	77	bena.
5	1	8	2	1	10	4235	2763	139	65	81	Boh.
4	1	8	2	2	0	2396	2847	1980	80	-1	
5	1	8	2	2	1	2396	2850	115	75	90	ale;
5	1	8	2	2	2	2556	2848	223	66	83	Slovac.
5	1	8	2	2	3	2826	2851	121	74	90	ale,
5	1	8	2	2	4	2996	2850	93	62	67	ale
5	1	8	2	2	5	3105	2873	16	51	90	;
5	1	8	2	2	6	3167	2847	197	66	87	Sorab.
5	1	8	2	2	7	3417	2850	58	62	91	1.
5	1	8	2	2	8	3523	2850	120	74	89	ale,
5	1	8	2	2	9	3716	2850	157	76	90	hale;
5	1	8	2	2	10	3934	2848	128	66	86	Sor.
5	1	8	2	2	11	4136	2849	58	65	92	2.
5	1	8	2	2	12	4255	2852	121	75	87	alć;
4	1	8	2	3	0	2399	2936	1977	87	-1	
5	1	8	2	3	1	2399	2936	168	65	77	Carn.
5	1	8	2	3	2	2615	2937	84	76	91	al,
5	1	8	2	3	3	2744	2936	146	85	91	pak,
5	1	8	2	3	4	2936	2958	106	63	89	pa,
5	1	8	2	3	5	3094	2938	104	74	91	ali;
5	1	8	2	3	6	3247	2937	270	75	90	samuzh;
5	1	8	2	3	7	3593	2938	158	63	76	Vind.
5	1	8	2	3	8	3809	2938	84	74	90	al,
5	1	8	2	3	9	3957	2939	108	74	92	ali,
5	1	8	2	3	10	4137	2940	239	83	89	ampak,
4	1	8	2	4	0	2395	3022	1982	87	-1	
5	1	8	2	4	1	2395	3025	263	75	84	tamuzh,
5	1	8	2	4	2	2704	3025	266	75	91	temuzh;
5	1	8	2	4	3	3040	3022	226	66	78	Slaven.
5	1	8	2	4	4	3314	3025	103	75	91	ali,
5	1	8	2	4	5	3463	3025	145	84	90	pak;
5	1	8	2	4	6	3653	3025	171	63	84	Bosn.
5	1	8	2	4	7	3871	3025	84	76	90	al,
5	1	8	2	4	8	4015	3026	116	74	91	alli,
5	1	8	2	4	9	4179	3047	61	55	91	a,
5	1	8	2	4	10	4288	3026	89	77	90	da,
4	1	8	2	5	0	2397	3111	1981	87	-1	
5	1	8	2	5	1	2397	3133	236	64	86	neggo,
5	1	8	2	5	2	2679	3114	99	60	81	nń.
5	1	8	2	5	3	2824	3133	125	54	89	ma,
5	1	8	2	5	4	2995	3112	184	80	80	Hung.
5	1	8	2	5	5	3228	3113	105	73	83	dć;
5	1	8	2	5	6	3383	3111	185	65	82	Croat.
5	1	8	2	5	7	3615	3112	103	75	91	ali,
5	1	8	2	5	8	3764	3112	140	83	89	pak,
5	1	8	2	5	9	3944	3113	220	85	77	alipak;
5	1	8	2	5	10	4187	3133	191	65	83	nego,
4	1	8	2	6	0	2398	3194	1979	95	-1	
5	1	8	2	6	1	2398	3200	149	74	89	veh;
5	1	8	2	6	2	2592	3199	162	65	85	Ross.
5	1	8	2	6	3	2802	3219	106	58	79	Ho;
5	1	8	2	6	4	2952	3200	151	63	87	Ecel.
5	1	8	2	6	5	3153	3240	201	49	70	entire,
5	1	8	2	6	6	3400	3198	217	84	81	(Graec.
5	1	8	2	6	7	3665	3196	147	64	60	„ma
5	1	8	2	6	8	3825	3220	22	55	86	;
5	1	8	2	6	9	3892	3198	131	84	82	Syr.
5	1	8	2	6	10	4067	3194	143	75	55	RBN
5	1	8	2	6	11	4257	3202	120	76	89	ela;
4	1	8	2	7	0	2398	3278	1978	90	-1	
5	1	8	2	7	1	2398	3286	256	82	80	Aethźop.
5	1	8	2	7	2	2699	3278	146	76	53	N'»:
5	1	8	2	7	3	2905	3287	122	74	89	ola;
5	1	8	2	7	4	3092	3285	158	65	78	Chat.
5	1	8	2	7	5	3317	3289	173	62	87	Talm.
5	1	8	2	7	6	3549	3279	144	77	57	NBR
5	1	8	2	7	7	3751	3288	132	75	89	alla;
5	1	8	2	7	8	3947	3287	181	64	80	Germ.
5	1	8	2	7	9	4189	3290	187	72	76	allein,
4	1	8	2	8	0	2402	3373	1975	88	-1	
5	1	8	2	8	1	2402	3374	72	61	85	cf.
5	1	8	2	8	2	2519	3374	123	62	86	Lat.
5	1	8	2	8	3	2690	3374	179	81	89	alias).
5	1	8	2	8	4	2919	3373	89	75	91	1.,
5	1	8	2	8	5	3067	3376	66	60	74	in
5	1	8	2	8	6	3192	3377	384	74	67	contrarźum,
5	1	8	2	8	7	3636	3395	307	64	74	przecząc,
5	1	8	2	8	8	4006	3375	191	86	73	mbwę
5	1	8	2	8	9	4257	3377	120	62	78	od—
4	1	8	2	9	0	2398	3459	1979	88	-1	
5	1	8	2	9	1	2398	3461	314	82	71	wracając:
5	1	8	2	9	2	2740	3460	155	76	90	lecz,
5	1	8	2	9	3	2940	3459	292	77	90	wszakże,
5	1	8	2	9	4	3279	3465	153	69	81	aber,
5	1	8	2	9	5	3478	3463	174	65	84	allein.
5	1	8	2	9	6	3719	3462	223	85	82	Piękny
5	1	8	2	9	7	3984	3463	103	83	71	był
5	1	8	2	9	8	4128	3464	249	83	90	wyjazd,
4	1	8	2	10	0	2403	3546	1976	87	-1	
5	1	8	2	10	1	2403	3547	169	63	88	ale...
5	1	8	2	10	2	2631	3547	165	63	83	Kras.
5	1	8	2	10	3	2842	3548	139	63	79	List.
5	1	8	2	10	4	3032	3546	143	64	92	192.
5	1	8	2	10	5	3225	3546	272	86	85	Choroby
5	1	8	2	10	6	3541	3549	311	84	89	regularne
5	1	8	2	10	7	3920	3551	176	61	71	łatwo
5	1	8	2	10	8	4158	3571	221	62	89	rozpo-
4	1	8	2	11	0	2400	3634	1983	86	-1	
5	1	8	2	11	1	2400	3641	143	56	87	znać
5	1	8	2	11	2	2587	3634	239	76	86	można,
5	1	8	2	11	3	2874	3635	90	61	90	ale
5	1	8	2	11	4	3008	3637	439	83	89	nieregularne,
5	1	8	2	11	5	3521	3637	91	61	89	ale
5	1	8	2	11	6	3682	3636	238	84	91	ukryte,
5	1	8	2	11	7	3997	3637	89	62	87	ale
5	1	8	2	11	8	4145	3660	31	38	89	z
5	1	8	2	11	9	4220	3637	163	65	91	kilku
4	1	8	2	12	0	2401	3721	1976	87	-1	
5	1	8	2	12	1	2401	3722	308	75	71	składane,
5	1	8	2	12	2	2773	3729	324	77	85	rozpoznać
5	1	8	2	12	3	3148	3724	217	83	92	ciężko.
5	1	8	2	12	4	3431	3724	157	62	78	Perz.
5	1	8	2	12	5	3644	3724	130	62	79	Lek.
5	1	8	2	12	6	3838	3721	101	65	90	69.
5	1	8	2	12	7	3999	3722	261	86	88	Bodajby
5	1	8	2	12	8	4315	3733	62	55	90	to
4	1	8	2	13	0	2398	3809	1983	86	-1	
5	1	8	2	13	1	2398	3810	175	82	85	twoje
5	1	8	2	13	2	2620	3810	89	61	90	ale
5	1	8	2	13	3	2773	3809	231	84	90	ijeżeli
5	1	8	2	13	4	3051	3810	172	84	88	djabli
5	1	8	2	13	5	3286	3809	269	86	87	porwali!
5	1	8	2	13	6	3626	3811	126	61	83	Tea.
5	1	8	2	13	7	3832	3809	56	63	90	7.
5	1	8	2	13	8	3925	3830	77	55	87	_c.
5	1	8	2	13	9	4075	3809	103	64	90	58.
5	1	8	2	13	10	4242	3810	139	65	83	Gum
4	1	8	2	14	0	2398	3895	1985	85	-1	
5	1	8	2	14	1	2398	3897	184	61	80	enclźt.
5	1	8	2	14	2	2631	3895	138	75	87	ależ,
5	1	8	2	14	3	2814	3898	219	78	80	sondern
5	1	8	2	14	4	3079	3902	72	76	88	(v.
5	1	8	2	14	5	3197	3899	109	81	90	ali).
5	1	8	2	14	6	3354	3896	59	63	91	2.
5	1	8	2	14	7	3462	3898	392	74	77	desiderando,
5	1	8	2	14	8	3901	3920	30	39	94	z
5	1	8	2	14	9	3977	3897	406	65	87	uskarżaniem
4	1	8	2	15	0	2397	3982	1985	88	-1	
5	1	8	2	15	1	2397	3983	118	84	89	się,
5	1	8	2	15	2	2562	3982	156	83	72	żaląc
5	1	8	2	15	3	2764	3984	117	84	82	się,
5	1	8	2	15	4	2930	3985	152	66	74	aber!
5	1	8	2	15	5	3148	3986	116	78	86	doch
5	1	8	2	15	6	3325	3990	117	61	78	was
5	1	8	2	15	7	3500	3983	63	83	83	ist
5	1	8	2	15	8	3629	3984	126	66	62	bab!
5	1	8	2	15	9	3810	3982	106	64	88	Ale
5	1	8	2	15	10	3976	3984	67	63	90	że
5	1	8	2	15	11	4102	3985	280	85	87	Jejmości
4	1	8	2	16	0	2398	4069	1979	89	-1	
5	1	8	2	16	1	2398	4070	176	82	73	dotąd
5	1	8	2	16	2	2618	4072	98	60	91	nie
5	1	8	2	16	3	2761	4072	200	61	89	widać.
5	1	8	2	16	4	3045	4072	128	64	85	Tea.
5	1	8	2	16	5	3234	4069	102	65	88	50.
5	1	8	2	16	6	3384	4093	46	41	89	c.
5	1	8	2	16	7	3477	4069	101	64	72	24.
5	1	8	2	16	8	3609	4107	37	11	81	-
5	1	8	2	16	9	3694	4069	59	65	87	5.
5	1	8	2	16	10	3800	4073	412	80	76	con/irmatźve,
5	1	8	2	16	11	4258	4094	119	64	88	po—
4	1	8	2	17	0	2395	4156	1980	86	-1	
5	1	8	2	17	1	2395	4157	393	84	77	twierdzając:
5	1	8	2	17	2	2829	4156	99	85	91	już
5	1	8	2	17	3	2975	4160	53	61	92	ci
5	1	8	2	17	4	3072	4159	99	61	89	tak
5	1	8	2	17	5	3209	4160	145	82	85	jest,
5	1	8	2	17	6	3422	4160	124	64	76	aber
5	1	8	2	17	7	3588	4160	232	82	74	fteylich,
5	1	8	2	17	8	3865	4162	60	78	82	ja
5	1	8	2	17	9	3969	4161	135	79	86	doch.
5	1	8	2	17	10	4149	4158	107	65	89	Ale
5	1	8	2	17	11	4303	4181	72	42	93	co
4	1	8	2	18	0	2397	4244	1982	86	-1	
5	1	8	2	18	1	2397	4244	190	63	88	robić!
5	1	8	2	18	2	2633	4245	122	81	42	"twj.
5	1	8	2	18	3	2803	4265	156	42	84	masz
5	1	8	2	18	4	3005	4267	322	63	83	przyczynę
5	1	8	2	18	5	3374	4246	171	82	87	ganić
5	1	8	2	18	6	3588	4246	135	84	85	mię.
5	1	8	2	18	7	3768	4246	65	62	91	L.
5	1	8	2	18	8	3859	4244	119	65	80	-4.
5	1	8	2	18	9	4025	4248	354	76	75	intensźonis,
4	1	8	2	19	0	2399	4330	1978	88	-1	
5	1	8	2	19	1	2399	4332	88	62	91	ale
5	1	8	2	19	2	2509	4362	16	23	89	-
5	1	8	2	19	3	2557	4332	88	61	93	ale
5	1	8	2	19	4	2673	4330	110	77	79	też,
5	1	8	2	19	5	2829	4332	125	65	81	aber
5	1	8	2	19	6	2983	4334	139	79	85	auch.
5	1	8	2	19	7	3151	4332	224	63	92	Alemci
5	1	8	2	19	8	3405	4353	100	41	92	mu
5	1	8	2	19	9	3537	4332	120	61	70	dał!
5	1	8	2	19	10	3687	4331	138	64	89	Aleś
5	1	8	2	19	11	3851	4334	87	83	89	się
5	1	8	2	19	12	3969	4333	254	85	72	degadał
5	1	8	2	19	13	4234	4337	11	58	85	!
5	1	8	2	19	14	4278	4333	99	65	80	Cn.
4	1	8	2	20	0	2397	4416	1980	89	-1	
5	1	8	2	20	1	2397	4416	104	65	90	Ale
5	1	8	2	20	2	2546	4418	78	62	90	bo
5	1	8	2	20	3	2671	4418	391	81	75	Siostrzyczko
5	1	8	2	20	4	3108	4420	97	62	90	nie
5	1	8	2	20	5	3251	4419	190	83	90	lubię,
5	1	8	2	20	6	3488	4418	147	83	88	żeby
5	1	8	2	20	7	3679	4421	159	61	91	mnie
5	1	8	2	20	8	3883	4420	98	63	91	tak
5	1	8	2	20	9	4026	4422	351	83	87	śpiegować.
4	1	8	2	21	0	2402	4501	1976	80	-1	
5	1	8	2	21	1	2402	4505	126	61	88	Tea.
5	1	8	2	21	2	2575	4501	103	63	77	49.
5	1	8	2	21	3	2725	4505	49	60	88	b.
5	1	8	2	21	4	2821	4503	102	63	69	49.
5	1	8	2	21	5	3014	4505	106	63	89	Ale
5	1	8	2	21	6	3180	4506	76	61	93	bo
5	1	8	2	21	7	3327	4506	94	61	89	ich
5	1	8	2	21	8	3483	4506	242	70	89	zwiedli.
5	1	8	2	21	9	3792	4504	127	64	86	Tea.
5	1	8	2	21	10	3985	4505	102	76	73	45,
5	1	8	2	21	11	4157	4511	49	57	86	d.
5	1	8	2	21	12	4276	4506	102	63	90	72.
4	1	8	2	22	0	2406	4587	1968	89	-1	
5	1	8	2	22	1	2406	4590	214	80	79	Wyb.-
5	1	8	2	22	2	2655	4587	58	63	90	5.
5	1	8	2	22	3	2760	4610	128	42	86	cum
5	1	8	2	22	4	2930	4593	291	73	77	źrrisźone,
5	1	8	2	22	5	3269	4590	271	83	74	szydząc,
5	1	8	2	22	6	3587	4614	30	39	95	z
5	1	8	2	22	7	3647	4592	540	84	76	uszczypliwością,
5	1	8	2	22	8	4231	4594	143	81	79	wej!
4	1	8	2	23	0	2397	4673	1979	89	-1	
5	1	8	2	23	1	2397	4673	295	86	89	przecięż;
5	1	8	2	23	2	2735	4679	60	78	86	ja
5	1	8	2	23	3	2839	4678	147	78	86	doch,
5	1	8	2	23	4	3051	4678	123	66	84	aber
5	1	8	2	23	5	3218	4678	134	79	83	doch.
5	1	8	2	23	6	3398	4674	138	65	88	Aleś
5	1	8	2	23	7	3582	4677	295	83	88	skromny,
5	1	8	2	23	8	3951	4679	117	82	84	gdy.
5	1	8	2	23	9	4130	4678	246	84	84	drugich
4	1	8	2	24	0	2395	4759	1981	89	-1	
5	1	8	2	24	1	2395	4762	144	83	74	biją!
5	1	8	2	24	2	2584	4761	135	62	88	Aleś
5	1	8	2	24	3	2764	4762	189	84	87	pilny,
5	1	8	2	24	4	3000	4763	116	85	89	gdy
5	1	8	2	24	5	3156	4765	145	81	88	jeść.
5	1	8	2	24	6	3352	4759	98	67	81	Cn.
5	1	8	2	24	7	3513	4762	62	64	88	Il.
5	1	8	2	24	8	3640	4764	90	61	89	ale
5	1	8	2	24	9	3793	4763	319	65	47	Substanz-.-
5	1	8	2	24	10	4174	4765	202	76	87	wada,
4	1	8	2	25	0	2396	4848	1980	85	-1	
5	1	8	2	25	1	2396	4848	534	76	68	niedoskonałość,
5	1	8	2	25	2	2975	4850	392	83	86	przeszkoda,
5	1	8	2	25	3	3416	4869	327	64	85	przywara,
5	1	8	2	25	4	3793	4852	83	64	85	ein
5	1	8	2	25	5	3920	4851	166	70	81	Aber,
5	1	8	2	25	6	4134	4852	110	65	85	eine
5	1	8	2	25	7	4270	4851	106	66	81	Be-
4	1	8	2	26	0	2398	4935	1975	82	-1	
5	1	8	2	26	1	2398	4935	336	78	78	denklichkeit,
5	1	8	2	26	2	2783	4936	82	65	82	ein
5	1	8	2	26	3	2909	4935	326	82	72	Hinderniß,
5	1	8	2	26	4	3283	4936	224	81	65	enana,
5	1	8	2	26	5	3567	4937	249	79	80	Mangel,
5	1	8	2	26	6	3879	4938	321	79	62	(Schreiben,
5	1	8	2	26	7	4261	4938	112	64	83	eine
4	1	8	2	27	0	2394	5022	1976	80	-1	
5	1	8	2	27	1	2394	5022	544	80	58	Unvollkommenheit
5	1	8	2	27	2	3000	5025	185	77	71	(Vind.
5	1	8	2	27	3	3260	5023	311	74	86	madesch,
5	1	8	2	27	4	3650	5024	293	73	81	vmashik,
5	1	8	2	27	5	4017	5024	137	72	87	liss,
5	1	8	2	27	6	4227	5025	143	72	89	lisa,
4	1	8	2	28	0	2393	5107	1978	84	-1	
5	1	8	2	28	1	2393	5107	303	83	86	prigovor,
5	1	8	2	28	2	2744	5108	303	72	81	skasnost,
5	1	8	2	28	3	3097	5109	264	82	86	krinnja).
5	1	8	2	28	4	3422	5109	136	61	89	Nikt
5	1	8	2	28	5	3601	5110	107	61	88	bez
5	1	8	2	28	6	3755	5111	119	73	87	ale,
5	1	8	2	28	7	3922	5111	126	60	89	nikt
5	1	8	2	28	8	4094	5110	106	59	90	bez
5	1	8	2	28	9	4242	5130	129	41	85	wa-
4	1	8	2	29	0	2394	5192	1977	84	-1	
5	1	8	2	29	1	2394	5193	90	80	90	dy.
5	1	8	2	29	2	2529	5192	121	62	81	Jak.
5	1	8	2	29	3	2695	5193	101	66	77	Ez.
5	1	8	2	29	4	2847	5193	142	65	85	101.
5	1	8	2	29	5	3035	5194	133	80	81	Rys.
5	1	8	2	29	6	3214	5194	103	63	85	Ad.
5	1	8	2	29	7	3363	5193	103	64	69	44.
5	1	8	2	29	8	3513	5194	170	63	78	Gorn.
5	1	8	2	29	9	3728	5196	120	62	89	Dw.
5	1	8	2	29	10	3897	5193	56	65	89	9.
5	1	8	2	29	11	3998	5193	204	65	90	Starw.
5	1	8	2	29	12	4247	5195	124	81	82	Ref.
4	1	8	2	30	0	2397	5279	1975	82	-1	
5	1	8	2	30	1	2397	5279	98	63	92	11.
5	1	8	2	30	2	2552	5280	160	63	71	Wall.
5	1	8	2	30	3	2759	5281	147	62	82	Dan.
5	1	8	2	30	4	2969	5279	57	64	94	5.
5	1	8	2	30	5	3094	5282	125	61	86	Tea.
5	1	8	2	30	6	3273	5280	53	61	85	7.
5	1	8	2	30	7	3375	5303	44	40	90	c.
5	1	8	2	30	8	3483	5279	101	64	88	58.
5	1	8	2	30	9	3653	5282	180	79	77	(Nullź
5	1	8	2	30	10	3895	5292	130	52	78	sunt
5	1	8	2	30	11	4068	5283	141	70	66	wisi,
5	1	8	2	30	12	4273	5285	99	76	74	qui
4	1	8	2	31	0	2396	5367	1975	82	-1	
5	1	8	2	31	1	2396	5385	235	45	83	caruere
5	1	8	2	31	2	2671	5367	133	60	77	nisi.
5	1	8	2	31	3	2850	5368	154	62	78	Vźnd.
5	1	8	2	31	4	3050	5367	172	62	88	Vsaki
5	1	8	2	31	5	3271	5369	114	59	89	ima
5	1	8	2	31	6	3433	5368	182	81	89	swoje
5	1	8	2	31	7	3648	5369	138	72	85	lisc,
5	1	8	2	31	8	3833	5368	245	73	84	mucho,
5	1	8	2	31	9	4126	5388	245	54	88	samcre;
4	1	8	2	32	0	2394	5449	1976	66	-1	
5	1	8	2	32	1	2394	5449	219	64	86	Slovac.
5	1	8	2	32	2	2658	5450	165	63	87	każdi
5	1	8	2	32	3	2870	5473	91	40	89	ma
5	1	8	2	32	4	3008	5474	125	41	88	swu
5	1	8	2	32	5	3177	5453	248	61	89	wlastnu
5	1	8	2	32	6	3471	5453	297	62	88	krehkost.
5	1	8	2	32	7	3812	5454	150	61	90	Neni
5	1	8	2	32	8	4006	5453	95	61	86	tak
5	1	8	2	32	9	4147	5451	223	64	61	dobie-
4	1	8	2	33	0	2395	5537	1975	83	-1	
5	1	8	2	33	1	2395	5537	105	73	88	ho,
5	1	8	2	33	2	2546	5537	207	64	86	kteribi
5	1	8	2	33	3	2799	5539	289	72	87	nćchibil;
5	1	8	2	33	4	3133	5539	190	62	80	nullus
5	1	8	2	33	5	3353	5542	124	59	75	sine
5	1	8	2	33	6	3507	5541	213	79	73	nuevo).
5	1	8	2	33	7	3766	5538	106	65	87	Nie
5	1	8	2	33	8	3900	5560	158	42	86	masz
5	1	8	2	33	9	4086	5560	74	43	87	na
5	1	8	2	33	10	4188	5538	182	65	84	świe-
2	1	9	0	0	0	3847	5667	103	67	-1	
3	1	9	1	0	0	3847	5667	103	67	-1	
4	1	9	1	1	0	3847	5667	103	67	-1	
5	1	9	1	1	1	3847	5667	103	67	82	15'
2	1	10	0	0	0	4750	5	10	4137	-1	
3	1	10	1	0	0	4750	5	10	4137	-1	
4	1	10	1	1	0	4750	5	10	4137	-1	
5	1	10	1	1	1	4750	5	10	4137	95	 
2	1	11	0	0	0	4755	4427	5	941	-1	
3	1	11	1	0	0	4755	4427	5	941	-1	
4	1	11	1	1	0	4755	4427	5	941	-1	
5	1	11	1	1	1	4755	4427	5	941	95	 
